date,ticker,name,asset_type,price,day_change_pct,ret_1m_pct,ret_3m_pct,ret_6m_pct,ret_12m_pct,ann_vol_pct,max_dd_pct,beta,rsi_14,macd_hist_pct,vol_ratio_20_60,up_vol_ratio,rs_3m_pct,analyst_upside_pct,rec_mean,n_analysts,net_raises_3m,net_grades_3m,earnings_date,earnings_in_days,pe_fwd,pe_ttm,ps_ttm,peg,ev_ebitda,rev_growth_pct,eps_growth_pct,profit_margin_pct,roe_pct,gross_margin_pct,score_momentum,score_risk,score_fundamentals,score_valuation,score_pct,signal,prev_score_pct,score_change_pp,prev_signal,signal_change
2026-10-02,TSM,TSMC,stock,472.7800,2.9573,14.0911,4.9267,40.1482,65.6269,40.9437,-36.8174,1.2470,71.6794,0.6000,0.8887,1.1062,2.4684,16.8111,,20.0000,6,0,2026-10-15,13,21.5634,34.3590,0.5522,0.9000,5.4330,36.0000,77.4000,49.9230,39.9690,64.2300,20.4100,13.1123,23.6833,21.1162,78.3218,FULL ENTRY,77.7761,0.5457,FULL ENTRY,UNCHANGED
2026-10-02,MU,Micron,stock,1074.8900,-2.0503,12.4268,9.1536,193.5385,491.0598,71.5155,-42.7842,2.2220,59.2643,0.3775,0.7949,1.1551,6.6953,41.4118,1.3674,46.0000,5,1,2026-12-23,82,5.2191,14.4611,9.1147,0.1600,10.8080,379.3000,1060.5000,63.7960,88.2600,80.7160,20.3757,6.4267,24.6173,22.8024,74.2222,TRANCHE 1/3,73.7120,0.5102,TRANCHE 1/3,UNCHANGED
2026-10-02,SPX,S&P 500,index,7722.7202,0.7340,0.7320,2.4583,17.3186,15.0721,16.1168,-18.9022,,54.8293,-0.0018,1.0317,1.1249,0.0000,,,,,,,,,,,,,,,,,,14.7417,22.1476,,,73.7787,TRANCHE 1/3,71.3081,2.4706,TRANCHE 1/3,UNCHANGED
2026-10-02,SKHY,SK hynix,stock,195.1300,0.8424,18.2749,,,,106.8730,-34.6174,2.3890,59.4045,-0.0918,,,,29.2545,1.5333,14.0000,0,0,2026-10-27,25,5.7771,12.4445,0.0073,0.2800,-0.4540,256.8000,1272.4000,85.6190,92.6790,76.2680,17.8375,7.5850,22.8354,24.9617,73.2196,TRANCHE 1/3,73.8285,-0.6089,TRANCHE 1/3,UNCHANGED
2026-10-02,SPYM,State Street SPDR Portfolio S&P 500,etf,90.6000,0.7562,0.8586,2.7291,18.0128,16.4793,16.0364,-18.7239,,55.5443,0.0017,1.3207,0.9147,0.2709,,,,,,,,,24.8710,,,,,,,,,13.6855,22.1698,,,71.7107,TRANCHE 1/3,69.3738,2.3369,TRANCHE 1/3,UNCHANGED
2026-10-02,MSFT,Microsoft,stock,517.5300,0.9224,4.1685,34.0705,39.1387,0.3999,29.0010,-34.4984,1.1080,62.7007,0.0644,0.7558,1.1079,31.6123,11.8433,1.3214,53.0000,6,1,2026-10-28,26,21.8854,28.8318,11.5807,1.6800,20.0520,17.7000,31.7000,40.3050,34.0390,67.9440,19.6322,13.9705,21.9345,16.0346,71.5718,TRANCHE 1/3,70.7697,0.8021,TRANCHE 1/3,UNCHANGED
2026-10-02,NVDA,NVIDIA,stock,233.9500,1.3385,4.3678,19.7708,32.1860,25.2459,43.9742,-36.8810,2.2170,63.0111,0.3515,0.8994,1.1624,17.3125,40.0727,1.2951,59.0000,12,0,2026-11-17,46,14.9059,29.5765,18.6460,0.2900,27.8960,105.9000,127.8000,63.6630,117.2110,74.6740,20.2920,9.7379,24.6926,16.2667,70.9893,TRANCHE 1/3,70.4499,0.5394,TRANCHE 1/3,UNCHANGED
2026-10-02,NASDAQ,Nasdaq Composite,index,27190.8594,1.1881,3.7113,4.0951,24.2773,19.4932,21.6082,-24.3185,,62.1403,0.1057,1.0129,1.1352,1.6369,,,,,,,,,,,,,,,,,,16.5024,18.7256,,,70.4559,TRANCHE 1/3,68.1939,2.2620,TRANCHE 1/3,UNCHANGED
2026-10-02,IGPT,Invesco AI and Next Gen Software,etf,103.1100,0.3308,12.8859,5.0642,73.5274,88.3632,33.8015,-28.5540,,63.7219,0.2298,0.9443,1.1512,2.6059,,,,,,,,,,,,,,,,,,19.9401,15.2671,,,70.4145,TRANCHE 1/3,71.0750,-0.6605,TRANCHE 1/3,UNCHANGED
2026-10-02,VOO,Vanguard S&P 500,etf,707.5400,0.7389,0.8458,2.7134,17.9829,16.4538,15.9678,-18.6894,,55.5228,0.0018,1.3316,0.7996,0.2551,,,,,,,,,24.8876,,,,,,,,,12.9708,22.2072,,,70.3560,TRANCHE 1/3,69.4632,0.8928,TRANCHE 1/3,UNCHANGED
2026-10-02,AMZN,Amazon,stock,251.5200,1.3254,-1.3570,3.0144,19.9028,14.0008,34.0470,-30.8766,1.4430,48.5637,-0.0253,0.8945,1.0720,0.5562,31.4376,1.3220,57.0000,16,0,2026-10-29,27,24.0098,20.2349,3.4975,1.4900,16.8230,19.6000,242.3000,17.4400,30.5580,50.7700,12.9751,13.5994,20.9910,19.2050,66.7704,TRANCHE 1/3,64.9674,1.8030,TRANCHE 1/3,UNCHANGED
2026-10-02,QQQJ,Invesco NASDAQ Next Gen 100,etf,44.4500,0.6795,-0.5345,-2.1262,20.4722,24.4271,20.3060,-22.4598,,50.2292,0.0572,1.1664,1.1315,-4.5844,,,,,,,,,21.6657,,,,,,,,,14.0071,19.3410,,,66.6961,TRANCHE 1/3,64.6304,2.0657,TRANCHE 1/3,UNCHANGED
2026-10-02,GOOG,Alphabet,stock,340.3500,1.6183,2.0346,-6.6673,15.7291,38.9747,31.5268,-29.3500,1.2250,50.0625,-0.0183,0.9866,1.1379,-9.1256,23.2983,1.3833,14.0000,-2,0,2026-10-28,26,22.5823,17.0773,9.3357,1.2200,23.4390,24.2000,294.0000,54.7710,48.6760,60.8970,12.4560,15.6209,20.6073,17.8570,66.5413,TRANCHE 1/3,68.1799,-1.6386,TRANCHE 1/3,UNCHANGED
2026-10-02,META,Meta Platforms,stock,728.0800,0.2962,22.9071,21.3838,26.9592,1.8415,39.3033,-34.1508,1.2430,61.5378,-0.1021,1.2208,0.9676,18.9255,9.1859,1.4127,58.0000,,,2026-10-28,26,20.8583,27.4333,8.1262,0.9600,17.1160,28.0000,-13.4000,29.8350,29.8480,81.7470,16.9338,11.0833,18.6780,18.9075,65.6026,TRANCHE 1/3,65.7046,-0.1020,TRANCHE 1/3,UNCHANGED
2026-10-02,DELL,Dell,stock,562.5200,3.8358,14.2869,36.8260,224.1343,280.6041,64.3877,-50.1304,1.4090,58.2162,-0.7427,1.1158,1.1672,34.3678,3.8114,1.8276,25.0000,16,0,2026-11-27,56,19.3192,32.7047,2.3655,0.5700,21.5150,57.7000,272.9000,7.5250,,19.9110,21.1000,7.7914,16.4385,19.9520,65.2819,TRANCHE 1/3,63.7939,1.4880,TRANCHE 1/3,UNCHANGED
2026-10-02,SNDK,Sandisk,stock,1719.9900,-3.7870,10.7242,-1.4010,145.1560,1320.0710,105.0726,-56.4929,,52.7196,-0.2364,0.7155,1.2155,-3.8593,24.2183,1.5200,24.0000,-2,1,2026-10-29,27,6.5278,23.3187,12.4377,,19.5990,371.6000,,56.4650,91.6400,71.4740,17.4152,6.6485,20.9918,18.6785,63.7341,TRANCHE 1/3,67.0186,-3.2845,TRANCHE 1/3,UNCHANGED
2026-10-02,ASML,ASML,stock,1867.3101,3.2524,10.9974,2.4468,42.2537,87.3483,44.4875,-31.4417,1.3630,64.7816,1.0969,0.9187,1.0481,-0.0115,12.0863,1.4048,16.0000,4,0,2026-10-14,12,32.0568,60.6073,20.3024,1.1500,2953.7030,21.3000,28.5000,30.1140,53.9420,52.7330,19.6789,12.0153,20.8173,8.3253,60.8367,TRANCHE 1/3,59.8734,0.9633,TRANCHE 1/3,UNCHANGED
2026-10-02,SMCI,Super Micro,stock,43.6900,4.2223,18.0811,60.6841,88.1568,-16.6062,101.6666,-66.1835,1.9960,62.9580,0.1838,0.8511,1.2473,58.2258,-3.0098,,16.0000,,,2026-11-03,32,8.2033,13.4018,0.7348,0.9100,12.2670,93.2000,434.7000,5.7100,21.4660,10.8220,19.7657,4.0933,13.4203,23.3924,60.6717,TRANCHE 1/3,60.0790,0.5927,TRANCHE 1/3,UNCHANGED
2026-10-02,AAPL,Apple,stock,333.6900,1.0202,2.6865,6.8182,30.6211,31.1108,28.8102,-33.3605,1.0850,54.7384,-0.3052,0.9184,0.9966,4.3599,-1.6771,2.2045,39.0000,-1,-2,2026-10-29,27,34.8216,38.2672,10.4321,2.6700,29.1250,16.4000,28.7000,27.6190,148.7510,48.6530,15.8685,15.9335,16.2415,10.7796,58.8231,TRANCHE 1/3,58.7988,0.0243,TRANCHE 1/3,UNCHANGED
2026-10-02,STX,Seagate,stock,848.9900,-10.2139,5.0870,-2.1410,98.0335,232.5005,61.3911,-40.0006,2.0870,46.4580,0.3840,0.9397,0.8395,-4.5993,32.5104,1.4400,23.0000,10,0,2026-10-27,25,15.3326,61.0784,15.8306,0.4900,43.2280,48.5000,148.8000,26.1090,371.5290,45.5760,15.4106,7.8506,22.4593,12.2292,57.9497,TRANCHE 1/3,62.6723,-4.7226,TRANCHE 1/3,UNCHANGED
2026-10-02,WDC,Western Digital,stock,415.2900,-10.2192,-7.4575,-28.0602,40.8725,218.6038,66.1884,-44.9756,2.1820,39.2269,0.1452,1.0327,0.7620,-30.5185,60.1090,,24.0000,0,0,2026-11-05,34,13.0802,15.4268,11.5898,0.7900,29.8560,43.8000,984.1000,72.9470,130.8530,48.8510,10.2487,7.1609,21.8410,18.3168,57.5673,TRANCHE 1/3,62.9683,-5.4010,TRANCHE 1/3,UNCHANGED
2026-10-02,ANET,Arista Networks,stock,207.3500,1.3986,11.4186,19.6618,63.6801,38.9094,54.8414,-50.4160,1.6170,60.1770,0.0844,0.7695,0.9499,17.2036,16.8108,1.2812,29.0000,12,0,2026-11-03,32,39.8597,65.4101,24.8098,1.5500,53.4900,37.7000,35.7000,38.3710,31.4760,63.0040,19.7734,8.4853,22.9466,5.3511,56.5563,TRANCHE 1/3,56.6381,-0.0818,TRANCHE 1/3,UNCHANGED
2026-10-02,AVGO,Broadcom,stock,355.1400,3.3465,-3.1187,-4.8444,13.2888,7.3159,52.1695,-41.1497,1.4570,47.8485,0.2703,1.1271,1.0651,-7.3027,49.6072,1.2600,47.0000,2,0,2026-12-09,68,18.3120,45.3563,19.0262,0.3500,33.1180,85.5000,215.3000,42.9440,44.2450,75.5150,10.2355,8.0246,24.2083,13.6672,56.1356,WATCHLIST,54.6593,1.4763,WATCHLIST,UNCHANGED
2026-10-02,QCOM,Qualcomm,stock,184.8700,1.5267,9.3646,-0.3238,47.1314,13.3521,46.4395,-40.9787,1.6790,52.5667,-0.6996,1.2182,0.9268,-2.7821,5.0107,2.5676,30.0000,,,2026-11-04,33,18.1174,21.3970,4.4805,0.8200,16.7620,-4.0000,-23.0000,21.0130,33.7540,54.2260,12.0848,8.1218,12.3415,20.8299,53.3779,WATCHLIST,54.0579,-0.6800,WATCHLIST,UNCHANGED
2026-10-02,NET,Cloudflare,stock,349.0700,-0.5499,27.9864,41.0099,64.8968,60.8173,58.3279,-44.9972,1.6640,60.3089,-0.0011,0.9241,1.1804,38.5516,-2.9680,1.9706,31.0000,18,0,2026-10-29,27,208.2583,,49.4743,2.3800,-34255.7600,35.9000,,-8.2100,-14.4260,72.5770,22.3706,8.6397,14.3468,7.8000,53.1571,WATCHLIST,51.5663,1.5908,WATCHLIST,UNCHANGED
2026-10-02,DIS,Disney,stock,102.1900,0.8487,-5.3621,4.9071,6.5863,-8.2163,28.2691,-30.2023,1.4090,42.3942,-0.4452,0.9140,0.8172,2.4488,23.9006,1.4849,32.0000,0,0,2026-11-12,41,13.6517,21.0701,1.7848,3.3300,10.6910,6.8000,-48.3000,8.6990,8.0100,37.5950,8.5385,14.4710,11.3080,18.4325,52.7499,WATCHLIST,51.6606,1.0893,WATCHLIST,UNCHANGED
2026-10-02,PLTR,Palantir,stock,188.7500,-0.6788,11.3832,42.4098,27.1386,2.0546,66.3997,-48.2238,1.6210,61.1799,0.0325,0.6752,1.1210,39.9516,3.6108,1.8387,26.0000,5,1,2026-11-02,31,80.5192,162.7155,73.6812,1.6300,166.9370,92.8000,215.4000,49.0050,38.0970,84.7960,18.9342,8.2681,22.4770,2.7400,52.4193,WATCHLIST,52.2997,0.1196,WATCHLIST,UNCHANGED
2026-10-02,MRVL,Marvell,stock,272.2900,1.5704,31.8723,9.2619,154.4053,225.2713,75.4515,-60.7885,2.2530,64.9920,0.7998,0.8062,1.0930,6.8036,7.9281,1.4348,43.0000,9,0,2026-12-01,60,40.3431,89.5691,25.8942,0.9100,84.2450,36.5000,50.0000,27.9350,16.5230,52.2160,20.8616,4.7842,19.9555,6.1457,51.7469,WATCHLIST,49.7907,1.9562,WATCHLIST,UNCHANGED
2026-10-02,COHR,Coherent,stock,337.0400,5.5923,25.4616,0.3992,30.5547,193.9730,79.0504,-54.8473,2.1040,60.6954,1.0998,1.0792,1.0853,-2.0591,22.3950,1.5833,23.0000,,,2026-11-04,33,23.9962,81.8058,9.2725,0.9200,47.7030,33.7000,,11.3090,7.9810,37.4960,18.1040,6.2918,15.4093,11.1794,50.9844,WATCHLIST,49.7266,1.2578,WATCHLIST,UNCHANGED
2026-10-02,AMD,AMD,stock,633.9100,2.9526,38.6929,14.8284,191.4529,286.5069,63.3053,-54.7396,2.4760,70.0724,0.6930,0.9690,1.2466,12.3701,-2.2719,1.4909,50.0000,17,1,2026-11-03,32,40.6788,161.7117,25.0537,0.6400,107.3000,50.1000,159.5000,15.5770,10.1960,55.7240,23.3727,2.7049,17.9284,6.6521,50.6582,WATCHLIST,50.1312,0.5270,WATCHLIST,UNCHANGED
2026-10-02,VST,Vistra,stock,140.0200,0.1932,-2.2380,-10.7942,-7.1003,-30.1110,58.8464,-48.8043,1.4140,47.0254,0.0167,1.1084,1.1662,-13.2525,51.5855,1.3333,20.0000,0,0,2026-11-06,35,13.4423,23.6121,2.4462,0.3500,10.4660,-5.5000,-6.2000,11.5500,42.9620,38.3090,6.4478,6.6943,14.2779,23.1724,50.5924,WATCHLIST,49.4682,1.1242,WATCHLIST,UNCHANGED
2026-10-02,ORCL,Oracle,stock,142.3000,3.0637,-2.3671,-0.6712,-2.1084,-50.2018,57.3651,-64.5781,1.7320,48.3149,-0.6124,1.1248,0.7973,-3.1295,67.2341,1.5814,41.0000,-3,0,2026-12-10,69,12.9397,22.3041,6.0101,0.7900,16.4880,29.6000,54.5000,26.3600,41.1920,63.9570,5.1092,3.7128,20.2198,21.0397,50.0815,WATCHLIST,51.4880,-1.4065,WATCHLIST,UNCHANGED
2026-10-02,SNOW,Snowflake,stock,341.0400,-0.2778,11.5093,30.1232,124.5901,47.9245,61.6554,-56.3001,1.3280,57.0925,-0.0871,0.9123,0.9621,27.6650,24.6603,1.4808,48.0000,32,0,2026-12-02,61,113.4833,,22.1392,6.1100,-116.3850,35.1000,,-20.0710,-48.0630,67.0300,20.2399,6.0997,16.7105,7.0274,50.0775,WATCHLIST,52.2603,-2.1828,WATCHLIST,UNCHANGED
2026-10-02,RDDT,Reddit,stock,147.8600,-1.1168,-6.4769,-26.3865,8.7206,-27.0188,80.8148,-61.4128,2.0220,45.6133,-0.2800,0.8007,0.9050,-28.8448,44.5348,1.9412,33.0000,,,2026-10-29,27,15.2630,34.3860,10.2373,0.7400,32.0420,61.1000,177.8000,31.3480,30.7120,91.4420,4.6158,4.6950,23.1159,16.5166,48.9433,WATCHLIST,49.3894,-0.4461,WATCHLIST,UNCHANGED
2026-10-02,TQQQ,ProShares UltraPro QQQ,etf,81.0100,2.8960,16.6188,6.2113,87.7534,55.6659,64.5833,-58.0401,,64.3922,0.6833,0.9277,1.0367,3.7530,,,,,,,,,32.9065,,,,,,,,,19.8720,4.5977,,,48.9395,WATCHLIST,47.1661,1.7734,WATCHLIST,UNCHANGED
2026-10-02,CRWD,CrowdStrike,stock,270.0400,1.4845,32.7500,35.4399,170.6354,116.0493,51.0864,-37.1783,1.2550,68.7457,0.6117,1.0880,1.1848,32.9816,-12.5056,1.6981,50.0000,24,0,2026-12-01,60,168.1539,4500.6670,51.2409,6.9700,2548.6150,25.8000,,0.8340,1.4610,75.1860,23.9714,9.6776,14.2849,0.0000,47.9339,WATCHLIST,48.0176,-0.0837,WATCHLIST,UNCHANGED
2026-10-02,FSLR,First Solar,stock,174.6100,1.4526,-13.8154,-25.0794,-10.6031,-22.3334,58.5231,-48.8006,1.7330,36.3367,-0.9099,1.0885,0.8955,-27.5376,57.9929,1.8611,30.0000,3,2,2026-10-29,27,7.5217,10.7651,3.4892,0.3200,7.2230,-3.7000,23.3000,32.4650,18.5090,44.0160,1.6621,3.9331,17.4536,24.6763,47.7250,WATCHLIST,45.7971,1.9279,WATCHLIST,UNCHANGED
2026-10-02,AAOI,Applied Optoelectronics,stock,115.5900,7.7059,12.0818,-6.2986,11.2405,306.7206,139.3930,-77.1747,3.7830,57.5173,1.5282,0.8009,1.2885,-8.7569,41.3617,,5.0000,-1,0,2026-11-05,34,25.1173,,16.4678,0.7800,-298.2550,86.4000,,-9.5680,-5.4490,28.9160,15.5967,2.1667,10.7765,18.4789,47.0187,WATCHLIST,46.1365,0.8822,WATCHLIST,UNCHANGED
2026-10-02,CRWV,CoreWeave,stock,89.6200,1.1855,10.7377,3.6549,8.9737,-34.6078,111.0687,-66.8700,,53.7581,0.5345,1.0932,1.0929,1.1966,57.9770,1.8333,38.0000,9,1,2026-11-11,40,-49.5565,,6.5123,,25.2050,112.5000,,-25.4020,-43.5960,67.4180,11.3244,0.0000,16.6974,18.8846,46.9064,WATCHLIST,47.3650,-0.4586,WATCHLIST,UNCHANGED
2026-10-02,IBM,IBM,stock,222.6400,-1.3208,-3.9102,-25.1345,-8.9751,-20.2667,40.4559,-37.4996,0.7080,41.5615,-0.5901,0.7194,1.0737,-27.5928,8.0623,2.2500,22.0000,-7,-1,2026-10-21,19,16.9337,19.7902,3.0358,2.1100,16.2070,1.1000,-1.8000,15.5220,34.4610,58.0980,4.3145,10.2343,12.5208,18.9075,45.9772,WATCHLIST,48.3879,-2.4107,WATCHLIST,UNCHANGED
2026-10-02,GLW,Corning,stock,164.1900,2.3501,13.9180,-15.5548,11.3787,99.2563,56.5652,-51.4842,1.1510,56.6763,0.7071,0.8015,1.0778,-18.0131,14.1432,1.5556,17.0000,-4,0,2026-10-27,25,37.7074,75.3165,8.3371,0.9800,36.4440,16.6000,18.5000,11.2000,16.8130,36.3950,13.2512,9.5283,12.7460,10.4472,45.9727,WATCHLIST,47.7537,-1.7810,WATCHLIST,UNCHANGED
2026-10-02,IONQ,IonQ,stock,43.7700,-0.5001,16.2859,-10.4358,49.3857,-30.6229,111.0213,-67.6087,3.2950,57.3809,1.1314,1.1569,1.3729,-12.8941,52.2324,1.3571,14.0000,,,2026-11-04,33,-33.8646,,71.9459,,-18.4410,286.8000,,0.0000,-60.4830,30.8540,12.7942,2.1667,13.7259,16.6667,45.3534,WATCHLIST,45.8193,-0.4659,WATCHLIST,UNCHANGED
2026-10-02,NFLX,Netflix,stock,67.0600,-1.1643,-18.9411,-11.7864,-32.0292,-42.7278,35.0204,-49.9227,1.5260,31.0564,-1.1116,0.9639,0.8145,-14.2446,38.5724,1.8039,45.0000,-15,-2,2026-10-20,18,17.5799,21.0880,5.7728,1.1500,19.4720,13.4000,11.1000,28.2190,49.5410,49.1180,0.4309,8.5073,16.5193,19.5459,45.0033,WATCHLIST,47.5835,-2.5802,WATCHLIST,UNCHANGED
2026-10-02,INTC,Intel,stock,119.3300,-0.5583,32.5153,-2.3486,136.8599,232.0256,70.4202,-41.9044,2.2310,60.6372,0.3649,1.0403,1.1631,-4.8069,-2.4788,2.4694,43.0000,7,1,2026-10-22,20,57.8688,,11.0603,1.3600,37.9040,25.4000,,-19.7940,-10.7150,38.8730,18.5414,4.4842,11.3560,8.5637,42.9454,WATCHLIST,41.3463,1.5991,WATCHLIST,UNCHANGED
2026-10-02,DRAM,Strive U.S. Semiconductor,etf,61.7800,-0.4030,9.9093,-4.6016,122.5504,,88.5782,-44.4376,,55.9931,0.1764,0.5884,0.9133,-7.0599,,,,,,,,,13.1318,,,,,,,,,12.9570,8.0185,,,41.9510,AVOID/WAIT,41.7517,0.1993,AVOID/WAIT,UNCHANGED
2026-10-02,BIDU,Baidu,stock,84.3200,-1.4838,-10.6212,-26.2873,-24.0087,-38.6496,47.3288,-48.1172,0.5690,29.9437,-0.1296,0.9907,0.7803,-28.7455,72.3767,1.6452,30.0000,-6,-1,2026-11-18,47,10.9023,,0.2255,0.7500,-0.0510,-4.2000,-73.8000,-2.8950,-1.3900,40.8710,1.2088,8.1490,7.6655,24.2622,41.2855,WATCHLIST,42.9515,-1.6660,WATCHLIST,UNCHANGED
2026-10-02,RKLB,Rocket Lab,stock,73.9200,4.9106,17.1474,-20.5930,9.1392,54.0963,92.6826,-60.9931,2.6120,58.4097,1.1590,1.1149,1.0171,-23.0512,47.6596,1.5714,20.0000,0,1,2026-11-09,38,1369.1425,,61.4516,,-279.4400,62.0000,,-21.5120,-7.9150,37.2640,11.1558,4.8333,13.2654,8.3333,37.5879,AVOID/WAIT,34.7735,2.8144,AVOID/WAIT,UNCHANGED
2026-10-02,ARM,Arm Holdings,stock,307.4900,5.1823,30.9248,-4.5773,106.2169,104.4753,71.4301,-52.3037,3.8900,58.5164,0.4093,1.1281,0.8461,-7.0356,-6.1091,1.9302,40.0000,-1,-1,2026-11-04,33,100.6593,317.0000,63.6926,2.5300,305.5340,22.4000,108.3000,20.2480,13.3530,97.5370,15.6194,4.8663,16.0118,0.9400,37.4375,AVOID/WAIT,37.8889,-0.4514,AVOID/WAIT,UNCHANGED
2026-10-02,SPCX,SpaceX,stock,158.9600,7.3546,12.9699,-0.9101,,,86.3676,-48.7819,,61.2664,-0.0089,1.0166,0.8572,-3.3684,42.1993,1.6757,25.0000,0,1,2026-11-03,32,82.5539,,90.9293,,700.4330,91.9000,,-35.6620,,51.8750,10.8193,7.5248,16.4384,0.0000,34.7826,AVOID/WAIT,31.4366,3.3460,AVOID/WAIT,UNCHANGED
2026-10-02,TSLA,Tesla,stock,370.5900,4.6539,3.8038,-11.7159,2.7732,-19.3423,59.8290,-53.7657,1.8450,54.9916,-0.4044,1.0041,1.0113,-14.1742,6.7403,2.3488,38.0000,-7,0,2026-10-21,19,171.6497,343.1389,14.1254,4.4300,133.6010,25.5000,-3.0000,3.6710,4.6670,18.8520,7.0173,6.3899,8.3631,2.3640,24.1343,AVOID/WAIT,23.9152,0.2191,AVOID/WAIT,UNCHANGED
